district,url
Quetta,https://www.urdupoint.com/pakistan/city-news/quetta.html
Badin,https://www.urdupoint.com/pakistan/city-news/badin.html
Bannu,https://www.urdupoint.com/pakistan/city-news/bannu.html
Batagram,https://www.urdupoint.com/pakistan/city-news/batagram.html
Buner,https://www.urdupoint.com/pakistan/city-news/buner.html
Panjgur,https://www.urdupoint.com/pakistan/city-news/panjgur.html
Tharparkar,https://www.urdupoint.com/pakistan/city-news/tharparkar.html
Thatta,https://www.urdupoint.com/pakistan/city-news/thatta.html
Tank,https://www.urdupoint.com/pakistan/city-news/tank.html
Jacobabad,https://www.urdupoint.com/pakistan/city-news/jacobabad.html
Jamshoro,https://www.urdupoint.com/pakistan/city-news/jamshoro.html
Chagai,https://www.urdupoint.com/pakistan/city-news/chagai.html
Khairpur,https://www.urdupoint.com/pakistan/city-news/khairpur.html
Kharan,https://www.urdupoint.com/pakistan/city-news/kharan.html
Khuzdar,https://www.urdupoint.com/pakistan/city-news/khuzdar.html
Dadu,https://www.urdupoint.com/pakistan/city-news/dadu.html
Dera Ismail Khan,https://www.urdupoint.com/pakistan/city-news/deraismailkhan.html
Ziarat,https://www.urdupoint.com/pakistan/city-news/ziarat.html
Zhob,https://www.urdupoint.com/pakistan/city-news/zhob.html
Sibi,https://www.urdupoint.com/pakistan/city-news/sibi.html
Sanghar,https://www.urdupoint.com/pakistan/city-news/sanghar.html
Swat,https://www.urdupoint.com/pakistan/city-news/swat.html
Shikarpur,https://www.urdupoint.com/pakistan/city-news/shikarpur.html
Shangla,https://www.urdupoint.com/pakistan/city-news/shangla.html
Kalat,https://www.urdupoint.com/pakistan/city-news/kalat.html
Pishin,https://www.urdupoint.com/pakistan/city-news/pishin.html
Quetta,https://www.urdupoint.com/pakistan/city-news/quetta.html
Kashmore,https://www.urdupoint.com/pakistan/city-news/kashmore.html
Karak,https://www.urdupoint.com/pakistan/city-news/karak.html
Ghotki,https://www.urdupoint.com/pakistan/city-news/ghotki.html
Gwadar,https://www.urdupoint.com/pakistan/city-news/gwadar.html
Larkana,https://www.urdupoint.com/pakistan/city-news/larkana.html
Lakki Marwat,https://www.urdupoint.com/pakistan/city-news/lakkimarwat.html
Lasbela,https://www.urdupoint.com/pakistan/city-news/lasbela.html
Loralai,https://www.urdupoint.com/pakistan/city-news/loralai.html
Mirpur Khas,https://www.urdupoint.com/pakistan/city-news/mirpurkhas.html
Nasirabad,https://www.urdupoint.com/pakistan/city-news/nasirabad.html
Nushki,https://www.urdupoint.com/pakistan/city-news/nushki.html
Hangu,https://www.urdupoint.com/pakistan/city-news/hangu.html
